-3.0976e-07,-4.0723e-06,2.7531e-07,2.694e-06,2.3209e-06,2.4968e-06,-2.0102e-06,-2.3107e-07,-8.9868e-07,-7.5627e-06,1.4153e-06,3.9757e-06,-2.7018e-07,3.4635e-06,2.4644e-06,1.9637e-06,1.1737e-06,-1.7866e-06,3.8414e-06,-2.8921e-06,3.4919e-07,-3.2983e-06,5.7393e-07,1.4062e-06,-2.2653e-06,2.9022e-06,2.2472e-07,-1.6539e-06,-3.9922e-06,1.9163e-06,-2.5627e-06,5.3184e-06,-1.1923e-06,-1.1717e-06,9.0794e-06,8.4692e-06,3.2792e-07,-1.1169e-05,-2.7023e-06,-2.9709e-06,3.4998e-06,1.7705e-06,-5.4487e-06,-5.8119e-07,1.6187e-06,-7.3714e-07,-4.9333e-07,1.9339e-06,4.7962e-06,1.6429e-06,2.933e-07,5.0961e-07,-6.8894e-06,-3.4144e-06,1.8811e-06,3.1427e-06,-9.1132e-07,-4.9796e-06,-4.3042e-06,-3.2718e-07,4.8838e-06,8.3241e-07,-1.8775e-06,-5.5438e-06,-2.2018e-06,2.6488e-06,-1.3877e-06,9.1006e-07,-6.6331e-06,2.6692e-06,9.7908e-07,2.8617e-07,3.337e-06,-7.3638e-07,1.0291e-05,-6.7369e-06,-3.4539e-06,1.0683e-06,-8.3445e-06,2.527e-06,2.653e-06,-2.0543e-06,4.0284e-06,-8.6341e-07,-1.4391e-06,3.6847e-06,-4.4779e-06,1.5134e-06,5.02e-06,-7.8234e-07,9.713e-06,1.2267e-06,-2.4699e-06,-7.7519e-06,1.0497e-06,4.5747e-06,1.2908e-06,-1.6506e-06,-3.1286e-06,-6.2347e-06,4.9496e-06,1.0606e-05,-1.6614e-06,-2.031e-06,-3.8451e-06,1.0625e-06,-2.621e-06,2.2879e-06,-1.0876e-06,4.6889e-07,-5.9217e-07,2.759e-06,-1.04e-06,2.0898e-06,-4.5686e-07,-7.0688e-06,-3.3947e-07,1.2427e-06,-5.4482e-07,1.4174e-06,2.1203e-06,2.977e-07,-4.5632e-06,3.785e-06,-1.4621e-06,-2.2241e-06,2.6998e-06,3.7807e-06,-3.1235e-06,3.4171e-06,-5.7487e-07,-2.3953e-06,-2.3549e-06,7.339e-06,-3.1861e-06,-1.562e-06,3.543e-06,-2.676e-06,-4.4396e-06,-6.0988e-06,-1.7463e-06,-2.6288e-06,-3.65e-06,-1.9675e-06,-6.7783e-06,3.7312e-06,-2.1749e-06,-1.4715e-06,-1.0274e-05,2.7269e-06,2.0693e-06,-1.2023e-05,3.7312e-06,-2.0624e-06,-1.4027e-06,-5.6152e-06,-6.8921e-06,1.3304e-06,-1.3683e-06,3.3419e-06,1.2541e-05,-1.9042e-06,-9.3662e-06,-2.8438e-06,-1.1048e-05,9.4847e-06,2.5691e-06,1.8158e-06,-3.7771e-06,6.8126e-07,2.6656e-06,-1.381e-05,2.0594e-06,-2.4384e-06,2.2614e-06,-8.895e-06,-4.4858e-06,-6.5245e-07,-1.3283e-06
8.1043e-06,-4.9774e-06,2.8794e-06,-4.8376e-06,1.6539e-06,-2.8553e-06,4.3402e-09,2.7694e-06,4.9321e-06,-7.0446e-06,1.1222e-06,4.3046e-06,2.8031e-06,6.1716e-06,3.7029e-07,-7.1482e-06,4.9235e-06,-2.3243e-06,2.7538e-06,4.7539e-06,-2.0035e-06,-5.8202e-06,-4.9102e-06,8.0345e-06,-1.7146e-06,3.3044e-07,-2.8373e-06,-1.9852e-06,5.1912e-06,1.8495e-06,2.6015e-06,5.5538e-06,-7.9646e-06,-4.9576e-06,4.0118e-06,4.5703e-06,2.1122e-06,-6.3892e-06,-6.9854e-06,-3.8961e-06,2.7223e-06,1.2948e-06,4.4619e-06,-5.6859e-07,-6.2083e-06,1.8142e-06,-4.2137e-06,-4.4308e-06,2.3425e-06,-3.0331e-06,-8.7803e-07,2.0504e-06,-9.5796e-07,-6.8325e-06,6.6887e-06,-6.7907e-06,5.9666e-06,1.5119e-06,-1.5413e-06,-1.5491e-07,1.1351e-05,2.5315e-06,-6.4913e-06,-6.3648e-06,-1.4054e-05,-2.2572e-06,-7.3865e-06,-3.6806e-06,1.0708e-06,-3.8581e-06,-2.5119e-06,-3.9339e-06,2.6882e-06,-2.6365e-06,1.564e-05,-2.8734e-07,2.5807e-06,-9.6754e-07,4.9571e-06,1.2676e-05,-4.2923e-06,4.7177e-06,1.5948e-06,5.1853e-06,1.1773e-06,1.6054e-05,-5.7863e-07,1.302e-05,-2.5771e-06,3.977e-07,-2.2478e-06,-7.3073e-06,-7.6746e-06,-2.4714e-07,1.1103e-05,-3.8825e-06,-3.4648e-06,-4.1725e-06,-4.3321e-06,-5.2523e-06,3.8488e-06,-4.6876e-06,1.1556e-06,-1.1896e-06,-5.6792e-06,-5.3054e-06,-1.6011e-05,1.4434e-06,5.216e-06,3.1001e-06,-6.6384e-06,7.9514e-06,2.0452e-07,5.6211e-06,5.8962e-06,1.2978e-07,9.1738e-06,3.4613e-06,-4.7563e-06,-7.4426e-06,7.1233e-07,-1.1891e-05,5.5022e-06,4.4646e-06,3.8283e-06,-3.6952e-06,5.0957e-06,4.0656e-06,-3.1618e-06,5.9763e-06,-1.0132e-05,-1.1058e-06,-9.2204e-06,1.1044e-05,5.7845e-07,-2.2237e-06,-1.9705e-07,-2.9891e-06,3.5739e-06,3.0322e-07,-6.1854e-06,-5.2345e-07,-3.1869e-06,5.6611e-07,-1.7834e-06,2.6077e-06,9.2986e-06,3.6974e-06,-4.1254e-06,-5.5779e-06,-6.1964e-06,-1.9294e-05,2.5222e-06,2.1891e-07,2.9422e-06,-3.7101e-06,6.5819e-07,-4.7379e-06,1.3961e-05,-5.7601e-06,6.2262e-06,-6.9397e-06,-2.9041e-06,3.9302e-06,-8.7029e-07,5.8323e-07,1.0848e-05,1.6878e-06,-5.1272e-06,7.6936e-06,7.3384e-06,-3.379e-06,3.7573e-06,3.4616e-06,5.1979e-06,-1.9643e-06,6.035e-06,-6.4484e-06,3.2884e-06
1.5276e-05,-1.9804e-05,7.8562e-05,2.1225e-05,-3.9239e-05,2.6545e-06,-2.0616e-05,1.5144e-05,1.923e-05,-2.1964e-05,-2.4766e-05,2.0598e-05,-1.4887e-05,3.11e-05,-6.8188e-06,-6.7091e-06,-1.0862e-05,1.6755e-05,-3.009e-05,2.4866e-06,1.1016e-05,7.0473e-06,3.1804e-05,2.5438e-06,1.4491e-05,4.0219e-05,-3.8656e-06,-2.5504e-06,-1.9663e-05,4.0719e-05,3.1429e-05,2.1973e-06,9.2425e-07,6.463e-06,3.2093e-05,-2.0837e-05,-2.8948e-05,3.7028e-06,-8.17e-06,4.9411e-06,1.048e-05,1.1483e-05,-6.5799e-06,2.1956e-05,-2.0106e-05,9.8311e-06,1.5693e-05,3.9254e-05,-1.1193e-06,3.6508e-05,1.9951e-05,6.1057e-05,-2.5675e-06,-2.3975e-05,1.0849e-05,3.3885e-06,-5.6006e-05,1.0078e-05,-1.4479e-05,1.3493e-05,-8.0607e-06,-5.9837e-05,1.8742e-05,-6.392e-05,1.259e-05,-2.8828e-06,1.2654e-05,2.4216e-05,6.4987e-06,-6.9084e-07,-2.609e-05,-4.1359e-05,-1.3215e-05,-3.2093e-05,-9.6109e-06,-5.5764e-05,-9.0565e-07,-1.577e-05,5.3422e-06,-7.223e-07,-3.821e-05,-1.8239e-05,1.7143e-05,2.0345e-05,-7.2099e-06,6.7064e-05,2.2311e-05,5.4447e-05,-4.9685e-05,-2.3805e-05,3.6867e-05,-1.5574e-05,-3.5129e-06,1.4927e-05,1.9729e-05,-7.1151e-06,7.9484e-06,-9.5582e-07,6.062e-05,5.117e-05,5.7245e-05,2.632e-05,-0.00012346,2.2863e-05,-2.3543e-05,2.4213e-06,8.7271e-05,6.7152e-05,-5.3119e-06,-5.9782e-05,-2.4236e-05,1.3064e-05,3.4671e-05,2.5272e-05,4.0069e-05,2.028e-05,4.617e-05,9.3672e-05,-0.00012673,-1.9554e-05,-1.575e-05,-3.4609e-05,9.4012e-06,6.9923e-05,-1.385e-05,3.9498e-05,1.6155e-05,5.3819e-05,3.2659e-05,1.7599e-05,-3.0212e-06,-2.8615e-05,-6.0955e-05,7.2896e-06,3.4678e-05,-4.7099e-05,6.1218e-06,2.1851e-05,-2.5246e-05,5.3979e-06,-1.296e-06,-1.6588e-05,-6.3301e-07,-1.807e-05,2.2395e-05,-5.3852e-05,4.6857e-05,-6.9704e-05,-0.00012404,4.168e-05,-3.7997e-05,3.9003e-06,-3.992e-05,1.0294e-05,-3.2933e-05,4.1457e-05,4.1146e-05,-5.9928e-06,-1.6187e-05,8.0954e-05,-3.0434e-05,-2.5683e-05,6.2795e-05,-1.3648e-05,3.5594e-05,-3.0347e-05,3.4497e-05,-2.0014e-05,2.7665e-05,5.2108e-05,-3.7431e-05,-8.0581e-05,8.5139e-05,1.2531e-05,8.2307e-06,-5.0623e-05,-3.6813e-05,-5.9684e-05,8.3259e-05
-3.8513e-06,1.0344e-05,-1.5816e-05,-8.4459e-06,6.9938e-06,9.204e-06,-4.7205e-06,3.9492e-06,-1.0777e-05,1.8347e-05,1.5717e-05,2.1696e-06,5.729e-06,4.762e-06,-2.9077e-06,-6.187e-06,2.7942e-06,6.1489e-06,3.4479e-06,-1.014e-05,-3.0498e-06,-1.3508e-05,3.5637e-06,5.6085e-06,-9.906e-06,1.3016e-05,4.6612e-07,-1.7227e-05,-8.3343e-06,6.7335e-06,1.677e-05,9.6226e-06,1.9313e-06,-1.8919e-05,-7.2933e-06,-8.7764e-06,3.0981e-06,-4.6788e-06,1.5778e-06,-2.5254e-05,-3.5985e-06,1.2033e-06,-1.1172e-05,-1.0973e-05,4.2036e-06,-1.7722e-05,-1.6467e-05,-1.2149e-05,-6.9584e-06,-4.4919e-06,-1.2888e-06,-1.962e-05,2.5236e-05,-2.3141e-07,-1.0856e-05,-3.8731e-06,1.6573e-05,-1.6172e-06,1.4525e-05,-5.8258e-06,9.9594e-07,9.4623e-06,-6.7835e-07,-8.4758e-06,1.2251e-05,-1.9526e-05,-9.6124e-06,-1.1544e-05,-4.9188e-06,-1.1359e-06,1.746e-05,2.5112e-05,2.0824e-05,-6.7192e-06,-2.2455e-05,-1.4825e-06,-1.7141e-05,2.114e-06,-1.3766e-05,-1.6921e-05,2.217e-06,1.311e-05,-2.8011e-05,-7.0602e-06,-6.7749e-06,-1.9627e-05,2.7573e-07,2.1398e-05,-6.3885e-06,-1.4809e-05,-1.1675e-05,1.9506e-05,7.8574e-07,-1.6689e-05,-7.1255e-06,-1.0988e-05,-1.8996e-05,1.1889e-05,1.6104e-05,1.402e-05,9.0396e-06,-9.3828e-06,-8.2734e-06,-1.7762e-05,8.9482e-06,7.7786e-06,2.1972e-07,-6.4149e-06,-3.5005e-07,-3.2144e-07,1.6827e-05,7.3576e-06,-9.6253e-06,-7.3318e-06,-2.663e-05,4.4867e-06,-1.3129e-07,-1.0142e-05,-7.4678e-06,-6.7805e-06,-5.569e-06,7.9165e-06,-1.7082e-05,1.6888e-05,-8.7899e-06,-5.8233e-06,8.1306e-06,-5.4461e-06,-1.3048e-05,-6.8629e-08,-1.3428e-05,1.0885e-06,8.3107e-06,-1.2136e-05,-5.7351e-06,-1.4318e-06,1.7484e-05,1.1365e-05,-1.6858e-05,-1.2247e-05,-1.1645e-05,-1.9103e-05,9.4374e-06,1.3889e-05,2.5977e-05,-2.7749e-05,-1.9556e-05,-2.0365e-05,9.6155e-06,2.5724e-06,1.3267e-05,6.5503e-06,-6.8796e-06,-1.4504e-05,1.7626e-06,8.8634e-06,2.6837e-06,2.2655e-06,3.044e-06,-3.1998e-05,2.0346e-05,1.2407e-05,-2.1638e-05,-1.3889e-05,7.683e-06,1.1794e-05,9.8671e-06,-1.021e-05,-6.7467e-06,-1.5541e-06,2.772e-05,1.7683e-05,-2.4107e-06,1.4293e-05,2.9655e-06,2.5186e-05,1.1975e-05,1.4657e-05,-1.2004e-05
-1.4397e-06,-4.8312e-07,-6.2424e-06,-3.7639e-07,4.3116e-07,3.8544e-06,1.0747e-07,-6.1118e-07,2.7937e-06,2.5859e-06,3.107e-08,2.5883e-07,1.4341e-07,1.4168e-06,4.0633e-07,2.9358e-07,-1.9543e-06,1.3621e-06,1.813e-06,2.019e-06,-1.7571e-06,-2.2462e-06,-9.6118e-07,-3.6308e-08,-1.1543e-06,-3.2832e-06,-7.1675e-07,-1.6908e-07,5.7491e-07,-2.4566e-06,-6.7676e-07,-7.8339e-07,-1.9077e-06,-1.889e-06,1.8347e-06,7.3406e-07,-2.8094e-06,-1.8934e-06,1.3062e-06,-1.6188e-06,2.6653e-06,-3.7078e-07,2.6266e-06,7.1038e-07,2.2693e-06,1.4189e-06,-1.665e-07,-5.3924e-06,2.2005e-06,-3.8602e-06,-1.0183e-06,-3.7512e-06,-3.0459e-06,2.9216e-06,-5.8091e-06,-4.4775e-06,9.6607e-06,5.6608e-07,2.3818e-06,-9.5558e-07,-1.9337e-06,2.2667e-06,-1.9437e-06,1.5481e-06,-3.7681e-06,1.3983e-06,2.1906e-06,1.8839e-06,3.8694e-06,2.7508e-06,2.7622e-06,-3.7305e-07,7.3961e-07,4.7259e-06,2.2005e-06,9.3395e-07,4.6633e-07,-3.0561e-06,-1.7605e-06,-1.2362e-06,-4.2601e-07,7.7676e-07,3.3817e-06,3.2005e-06,2.6891e-07,-5.8376e-06,-1.0841e-06,-2.2494e-06,1.6552e-06,-1.6632e-06,1.7692e-06,4.3811e-07,-3.9727e-07,7.5211e-07,1.8898e-06,-2.9546e-06,-3.2004e-06,2.046e-06,-1.2677e-06,-3.4109e-06,-3.0237e-09,8.8268e-07,3.099e-06,-1.1082e-07,-1.9454e-06,-6.2184e-07,-5.8202e-06,2.7044e-07,4.7494e-07,3.9469e-06,3.3192e-06,1.1506e-06,-1.2563e-06,3.0887e-07,-8.9313e-07,-3.1921e-07,-1.7688e-07,-1.1161e-06,2.9708e-06,1.1117e-06,-3.5845e-07,3.9701e-06,1.7272e-06,-1.5648e-06,-1.3646e-06,8.9483e-07,8.1433e-07,-1.1323e-06,-1.6538e-08,8.4891e-07,2.5577e-06,-7.8987e-07,2.9564e-06,7.5033e-07,-1.0249e-06,-5.77e-07,-1.3718e-06,5.4993e-06,6.5421e-06,-6.147e-07,-5.6118e-08,-2.59e-06,2.5068e-06,-7.5336e-07,-6.6869e-07,-1.5547e-06,-8.6832e-08,3.0349e-06,-8.0433e-07,2.3121e-06,6.1212e-07,-5.0886e-06,3.095e-06,-2.1893e-06,1.9499e-06,-2.2762e-06,-8.0028e-07,-3.5374e-06,3.8778e-06,5.3035e-06,-5.1824e-06,1.2513e-06,7.9692e-07,4.6163e-06,-4.0467e-06,-2.4638e-07,-1.6372e-07,-1.1126e-06,-6.4506e-07,3.2469e-06,1.2049e-06,3.7347e-06,1.6222e-06,5.4159e-06,-1.904e-07,3.6393e-06,2.1171e-06,3.7593e-06,5.9321e-06
6.0924e-06,-6.2161e-07,-5.5313e-06,-1.8171e-06,3.6574e-07,-8.9396e-06,4.0399e-06,1.4594e-05,-4.3667e-06,8.6694e-08,1.5315e-06,1.4599e-06,-1.5308e-06,1.0955e-06,-2.5514e-06,-1.1515e-05,-2.1966e-06,-3.099e-06,1.0148e-05,-3.6573e-07,-6.2206e-06,-8.7334e-06,4.753e-06,1.6106e-06,-7.9225e-06,-5.3132e-06,9.9278e-07,2.3798e-06,1.7827e-05,-4.5636e-06,-4.7099e-06,6.2303e-06,-2.1512e-06,-5.61e-06,-2.134e-06,2.741e-06,8.8149e-06,1.0078e-05,-1.3654e-05,-5.1656e-07,3.3961e-06,7.8146e-06,-3.4903e-06,4.1531e-06,-1.5017e-06,1.3115e-05,-5.7545e-06,-1.4328e-05,-7.4128e-06,-6.5174e-06,7.9236e-06,4.4255e-06,2.7047e-06,8.4679e-06,-6.6072e-06,-6.0958e-06,-5.9733e-06,-3.0452e-06,-4.7964e-06,6.448e-06,1.1679e-06,-3.6478e-06,4.5341e-06,1.2965e-06,5.1878e-06,3.4056e-06,-3.253e-06,-1.74e-06,4.6262e-06,-9.6009e-06,3.6297e-06,-7.9456e-06,5.6794e-06,-1.2267e-05,1.1466e-06,5.4624e-06,8.281e-06,4.7806e-06,1.9739e-05,1.5157e-05,-1.4037e-05,1.1947e-06,-1.0777e-05,3.2499e-07,4.782e-06,2.2945e-06,1.1494e-05,8.4492e-06,4.3551e-07,7.1595e-06,-4.8818e-06,-1.0246e-06,5.0939e-06,7.2692e-06,1.1139e-05,1.3833e-05,-3.2982e-06,-1.9251e-05,-8.0261e-07,-9.7493e-06,4.0167e-06,2.797e-06,-3.4944e-07,-4.2958e-06,5.0279e-06,-1.6172e-06,2.5312e-06,-9.5834e-06,7.871e-07,1.9956e-05,-3.521e-06,6.1371e-06,-1.3854e-06,-5.1449e-06,-8.7371e-06,1.4297e-05,-1.0082e-06,-9.4646e-06,4.4361e-07,-7.8523e-06,2.9211e-07,5.7679e-07,6.2773e-06,-6.6584e-06,3.5614e-06,2.9026e-06,-8.089e-06,-4.2549e-07,-4.4837e-06,7.1711e-07,-1.0099e-05,-1.5125e-05,-3.669e-06,8.0754e-07,5.0122e-06,3.3706e-06,1.4916e-07,6.3608e-06,-5.8879e-06,-2.1949e-06,-5.8508e-07,4.355e-06,-2.3076e-07,-3.1412e-06,8.1599e-06,8.2643e-06,-5.628e-06,-1.2429e-05,-8.731e-06,-3.0322e-06,-3.3171e-06,8.0844e-06,-1.0571e-05,-4.1908e-06,-5.8131e-06,-9.1148e-07,6.1575e-06,-9.7347e-06,1.0715e-05,1.6615e-06,2.1035e-05,1.7553e-05,-6.8228e-06,1.8144e-06,-6.9885e-07,5.8675e-06,-1.3623e-05,1.3966e-05,-1.7272e-05,5.3378e-06,1.0264e-05,6.6043e-06,-1.0104e-07,6.5146e-06,1.6979e-05,1.2374e-05,-2.5822e-06,-3.0068e-06,-4.3124e-06
-4.1078e-10,2.3687e-10,1.1314e-09,-1.0758e-10,-3.1462e-10,6.1918e-11,4.6839e-10,9.0194e-11,2.4482e-10,-3.2516e-11,-8.6821e-10,-6.5765e-10,3.8531e-10,-8.4526e-10,-4.1648e-10,1.4592e-10,8.5003e-11,6.7958e-10,7.0649e-10,4.5249e-10,9.3212e-10,4.1844e-11,7.0126e-10,9.0535e-10,-2.1651e-10,-1.5735e-10,-3.937e-10,-1.3568e-09,3.8572e-10,6.2988e-10,-3.2442e-10,-3.0488e-10,2.7831e-10,1.2699e-09,4.0974e-10,-1.8758e-10,-4.2609e-10,-6.3747e-10,-1.2616e-10,3.7122e-10,-6.0306e-10,-7.8068e-11,8.6929e-10,-6.3698e-11,-3.6284e-10,-4.6352e-10,1.1314e-09,-1.3349e-09,2.9331e-10,3.4679e-10,4.6375e-10,9.7364e-10,-8.6849e-10,-4.7027e-11,-4.1345e-10,6.7397e-10,-7.5049e-10,2.7592e-10,-6.0526e-10,7.1001e-10,-1.2212e-09,4.1392e-10,-7.4976e-10,-5.4694e-10,9.843e-10,1.8421e-10,3.3001e-11,2.0095e-10,3.7256e-10,1.8648e-10,-2.6856e-10,1.5122e-10,8.1809e-10,6.9538e-10,1.9151e-10,-7.895e-10,7.5926e-10,-1.0741e-09,-1.1e-09,4.0217e-11,-1.6939e-10,-8.7319e-11,-4.9351e-10,5.456e-11,1.0263e-09,-3.7072e-10,-1.0735e-09,-9.3407e-10,1.0287e-09,-5.8127e-10,3.6676e-10,-6.714e-10,4.4702e-11,-1.0661e-10,1.2309e-10,-1.1162e-09,-2.5847e-10,-3.753e-10,9.3047e-10,6.8367e-10,-2.5088e-10,6.7965e-12,-1.1656e-09,-9.4347e-10,-1.319e-10,-7.8137e-12,-3.8361e-10,1.1689e-09,2.5314e-10,-7.6341e-10,-2.6741e-10,-1.9663e-10,1.1049e-09,-1.7034e-10,3.4085e-10,-3.0031e-10,-2.769e-10,-1.2869e-12,6.8657e-10,-1.4049e-09,-1.2284e-09,-1.7747e-09,-6.4807e-10,-1.3431e-10,-2.5549e-10,2.6639e-10,7.4946e-10,9.0043e-11,8.8383e-11,1.0704e-10,-2.6182e-10,2.3149e-10,1.5596e-09,-1.3313e-09,-4.0648e-11,1.3516e-09,1.4323e-09,-5.3626e-10,4.7914e-10,-7.4174e-10,3.2048e-10,3.8762e-10,5.3125e-10,-3.1664e-10,-2.7697e-10,1.2305e-09,-2.5382e-10,1.5483e-10,-2.3813e-10,-5.9221e-10,9.8989e-10,1.1662e-09,1.2692e-09,-3.6807e-11,1.0076e-09,1.7103e-09,-2.5454e-10,1.033e-09,3.5345e-10,-1.3327e-10,-1.0436e-09,-1.6227e-09,-5.076e-10,2.4906e-10,7.2243e-10,5.9786e-10,9.3631e-10,-6.0513e-10,4.3316e-11,-9.721e-10,-5.7123e-10,-5.0747e-10,2.094e-10,-5.4369e-10,-4.6121e-10,-8.3758e-10,-7.4128e-10,-9.0903e-10,-8.3166e-10
5.784e-06,6.5817e-05,-1.5197e-05,2.3258e-05,-5.3405e-05,7.734e-06,-3.082e-05,-5.1758e-06,-7.0066e-05,-3.6595e-05,2.033e-06,8.9237e-07,-3.911e-05,1.4147e-05,3.0831e-05,-2.0822e-06,2.6278e-05,2.2314e-05,-4.7887e-05,2.785e-05,6.6894e-05,-5.0788e-05,-3.8542e-05,2.0301e-05,3.097e-05,-2.3875e-05,-1.1541e-05,6.6559e-05,-1.131e-05,2.3906e-05,-4.5295e-05,4.1852e-06,4.6371e-05,-4.5192e-05,-6.2158e-05,4.7096e-05,6.5099e-05,5.4316e-05,1.3759e-05,1.3513e-05,-5.1859e-06,4.5582e-06,-3.1893e-05,2.1704e-05,2.4626e-05,-1.1395e-05,-8.4927e-06,-3.0097e-05,-2.2809e-05,-7.5028e-06,1.1666e-05,2.4925e-06,2.6848e-05,1.1223e-05,3.2334e-05,3.8652e-05,-2.8281e-05,-3.5317e-05,2.8313e-06,-3.4682e-05,5.4702e-05,-3.1899e-05,6.9758e-05,-2.2764e-05,-5.4382e-05,-1.2492e-05,-3.9752e-05,5.791e-05,7.2868e-05,-2.3019e-05,3.0322e-05,-8.4892e-05,-5.0315e-05,-2.3112e-05,-2.5469e-05,1.64e-05,-4.9924e-05,-2.7505e-05,-2.9738e-05,-9.4732e-05,-1.2954e-05,-9.2458e-06,5.4377e-05,5.3321e-05,-2.3767e-05,5.9594e-05,4.7732e-05,1.54e-05,1.9784e-05,9.6315e-06,3.5313e-05,2.0601e-05,2.2664e-05,4.7008e-06,4.8505e-06,-1.478e-05,-5.8985e-06,5.5088e-05,3.1119e-05,-3.4827e-05,4.5829e-05,-1.4202e-05,2.7242e-05,-6.8708e-05,5.0574e-05,-5.38e-05,3.7716e-05,-2.0142e-05,5.684e-05,-2.1955e-05,2.923e-05,3.8456e-05,5.4716e-06,0.00010341,-9.279e-05,-2.3178e-05,-3.8671e-05,-1.7732e-06,-1.2613e-05,-4.2636e-05,-3.0392e-05,-8.1928e-05,2.0662e-05,9.836e-06,4.7236e-06,4.2301e-05,-2.6725e-05,7.0568e-06,5.1219e-06,5.6335e-06,1.1282e-05,8.8854e-05,-9.6237e-05,3.7181e-05,1.1019e-05,4.6098e-06,7.7315e-06,8.3922e-05,-0.00011957,-2.2903e-05,-3.7711e-05,-5.7631e-06,7.2764e-06,-7.6103e-05,7.2482e-05,-4.9941e-05,4.6447e-05,-7.3688e-05,-3.0496e-05,8.5927e-05,-0.00011279,-5.9821e-06,-2.7184e-05,2.0994e-05,-4.1985e-05,-5.8526e-05,7.0749e-05,4.1259e-05,6.1136e-05,-4.3827e-06,1.59e-05,-7.5823e-06,-2.9452e-05,-2.2417e-05,-4.006e-05,-5.4486e-06,7.4568e-06,3.2292e-05,2.4766e-06,-8.5962e-05,8.2961e-06,2.1708e-05,7.8421e-05,-1.3776e-05,-1.4893e-05,2.4532e-05,6.1836e-05,-1.8527e-05,4.6695e-05
-1.8764e-06,-1.3981e-06,-8.9849e-07,1.4701e-06,-3.3987e-06,1.1478e-06,-1.9733e-07,-6.873e-07,9.1898e-07,1.5889e-06,-1.2285e-06,-5.9371e-07,-2.5706e-07,1.431e-06,-8.2978e-07,-2.1611e-06,1.0646e-06,3.9922e-07,-2.6876e-06,2.1535e-07,8.5198e-07,-1.4446e-06,-2.8241e-06,1.5029e-06,-6.6049e-07,-2.6227e-06,2.6708e-06,1.966e-06,1.7188e-06,2.0985e-07,1.1973e-07,-7.256e-07,2.1263e-06,9.7025e-07,1.0738e-06,-1.251e-06,-2.2461e-06,-2.4704e-06,-6.0204e-07,-3.529e-07,-2.6599e-06,-2.8178e-07,2.3017e-07,-3.0716e-07,4.2246e-07,-7.1383e-07,-1.1658e-06,-1.2217e-06,1.2985e-06,-5.7803e-07,-7.145e-07,-2.1336e-07,2.3571e-06,-2.8711e-07,2.0759e-06,-1.9773e-06,3.9565e-06,-2.0304e-06,2.4698e-06,-2.7037e-06,1.6265e-07,2.1239e-06,2.6833e-06,-1.0199e-08,1.1799e-07,2.3739e-07,2.0047e-06,-1.0252e-06,3.5555e-06,6.9375e-07,1.1144e-06,2.0354e-07,-1.9895e-06,-6.5578e-07,-5.4389e-07,-5.0236e-07,-2.3971e-06,-6.3683e-07,-9.9592e-07,-1.3859e-06,2.6148e-06,-1.3427e-06,-8.8092e-07,8.6153e-07,8.7123e-08,-2.0366e-06,-1.86e-06,1.4759e-06,-3.1719e-06,-1.484e-06,7.6933e-07,-1.3007e-06,-4.0077e-09,-3.7544e-06,2.0075e-07,-1.8963e-06,1.9705e-06,2.0315e-06,1.0109e-07,-3.9757e-07,-2.3246e-06,-5.8542e-07,9.9422e-07,-5.4698e-07,2.5114e-06,2.2761e-07,-2.5121e-06,-3.1052e-06,1.0722e-06,-4.3598e-07,7.1003e-07,-9.4815e-07,8.537e-07,8.4391e-07,-3.2342e-07,6.2745e-08,3.1034e-07,4.5478e-07,-1.0752e-06,8.4439e-07,8.9106e-07,2.7493e-06,1.5935e-06,6.2133e-08,-1.0802e-06,-1.8586e-06,2.5404e-07,-2.62e-06,1.8237e-06,-1.0906e-06,-2.7124e-06,2.1161e-06,2.3636e-06,7.145e-07,-8.3167e-07,4.7147e-07,1.9407e-06,2.3154e-06,6.5245e-07,-3.3311e-06,-9.9309e-07,-1.4572e-06,-1.3924e-06,-1.4582e-06,-1.8889e-06,8.0539e-09,2.0877e-06,3.2132e-06,2.0418e-06,6.7847e-07,6.7745e-07,1.0137e-07,-1.7651e-07,-1.311e-06,1.1931e-06,2.7086e-06,2.328e-06,4.4131e-07,1.4527e-06,-2.0914e-06,-3.7809e-06,-3.2728e-06,-1.5102e-06,-1.8948e-06,4.8851e-07,1.3082e-06,-9.5712e-07,-2.5869e-07,-1.5035e-06,-5.2961e-07,6.4902e-07,3.677e-06,-1.7436e-06,4.1507e-07,-1.0493e-07,-4.4472e-07,1.284e-06,1.5687e-07,-2.7717e-06
-1.7976e-07,2.5099e-06,4.6991e-08,-1.0458e-06,-1.5398e-06,3.5456e-06,3.6048e-07,5.7035e-07,3.197e-07,2.7513e-07,-1.316e-08,1.606e-06,-9.3062e-07,2.8713e-06,-2.1703e-06,-1.5448e-06,-2.809e-06,-6.3079e-07,-1.3799e-06,-1.2431e-07,-5.459e-07,-2.0252e-06,-9.8888e-08,-2.8001e-07,-1.6855e-06,2.5771e-06,2.1646e-06,5.6861e-08,-1.1975e-09,9.2752e-09,4.0448e-06,-2.0119e-06,-4.7942e-07,4.763e-07,-3.961e-06,-5.0104e-07,1.26e-06,-4.7736e-07,-9.2897e-07,-3.3214e-06,-7.0982e-07,4.4814e-07,2.9247e-06,-4.0734e-06,3.1801e-06,-1.5646e-06,1.3655e-07,-3.4102e-06,-3.7986e-06,-6.4986e-08,-3.7834e-06,4.2555e-06,-1.9224e-06,3.2733e-06,6.1349e-07,-1.5497e-06,2.3803e-06,-1.3209e-06,1.9926e-06,-2.4827e-06,4.9228e-06,4.1683e-06,4.4164e-06,-2.8229e-07,-2.4055e-06,1.466e-06,-1.2534e-06,-1.7182e-06,-4.6021e-08,1.8295e-06,-6.8963e-07,-6.5692e-06,2.6636e-06,-5.2573e-08,2.4268e-07,-2.1537e-06,1.3305e-06,2.5404e-06,-2.4781e-06,4.2961e-07,7.5031e-07,5.6188e-06,2.2096e-06,9.6963e-07,-9.1528e-07,-2.2116e-06,3.8975e-07,8.49e-07,-4.4744e-06,-8.547e-07,-5.1451e-06,-5.8305e-08,3.894e-06,-4.3219e-06,-1.7509e-06,1.814e-06,-2.7681e-07,-1.2018e-06,-1.0027e-06,-4.9263e-06,-1.2444e-06,8.9226e-07,2.1034e-06,-3.1222e-06,-7.5494e-07,-4.2241e-06,-1.7929e-06,1.2412e-06,7.7032e-07,2.6493e-06,1.6641e-06,1.4504e-06,-9.419e-07,2.1639e-06,2.0427e-06,-2.4422e-06,1.6148e-06,-5.6985e-07,-1.1202e-06,-4.2988e-06,4.1605e-07,9.0173e-07,4.7023e-06,2.2796e-06,-2.565e-07,2.482e-06,-8.0178e-07,-2.3314e-06,1.6693e-06,-4.0287e-06,-4.7284e-06,-1.4e-06,-1.0652e-06,2.5702e-06,-3.2273e-06,1.4816e-06,1.0508e-06,1.2141e-06,8.8907e-07,9.4138e-07,-5.5749e-07,-4.6599e-06,-3.9303e-06,-3.4628e-06,3.3507e-06,-4.2695e-06,-8.2615e-07,1.3038e-06,1.6337e-08,-2.2756e-06,1.1198e-07,-1.9359e-06,5.0357e-06,-4.3712e-07,-4.8131e-06,-2.6473e-06,7.544e-07,-1.1659e-06,1.6807e-06,6.3258e-07,-1.4262e-06,-2.9114e-06,-2.8961e-06,-1.6605e-06,-1.8582e-06,4.0336e-06,-1.0605e-06,-2.2506e-06,2.4658e-06,-2.7797e-07,-1.4033e-06,-1.8663e-07,1.6467e-06,1.7463e-06,1.2806e-06,7.594e-07,4.6746e-06,-5.9866e-07,-1.28e-06
1.3279e-05,-6.6573e-06,2.3667e-05,9.3465e-06,-1.7685e-05,2.6533e-06,-1.5957e-05,1.2983e-05,4.4423e-06,-5.5905e-06,-3.3047e-06,1.2528e-05,-2.9686e-06,1.4663e-05,-3.6069e-06,-4.9517e-06,-1.8004e-06,3.7528e-06,-1.1192e-05,-1.1324e-05,1.6228e-05,1.0615e-05,7.8319e-07,-1.2247e-06,1.2683e-06,1.36e-05,-1.6582e-06,-4.6383e-06,-1.5019e-05,1.9562e-05,7.9191e-06,-1.3401e-06,-6.5363e-06,-1.2253e-06,1.7944e-05,-9.1468e-06,-1.4115e-05,-1.0531e-05,-5.6497e-06,5.0897e-08,4.1985e-06,-6.5185e-06,-7.3277e-06,4.7082e-06,-5.5394e-06,9.5744e-07,-9.0884e-07,1.2033e-05,-3.7014e-06,2.108e-05,3.292e-06,1.8265e-05,-1.0618e-05,-2.8684e-06,-1.4054e-05,-6.5117e-06,-7.4644e-06,8.6825e-06,-2.4576e-06,3.8795e-06,1.4789e-06,-2.6025e-05,1.2007e-05,-2.5089e-05,8.1354e-07,3.0787e-06,4.0918e-06,5.6357e-06,6.6949e-06,1.235e-05,-1.4762e-06,-1.9418e-05,-4.1473e-06,-1.2022e-05,-1.471e-06,-3.2889e-05,-3.2466e-06,-1.946e-05,-3.7776e-06,-6.4695e-06,-6.5217e-06,3.0939e-06,4.8951e-07,1.7072e-05,-5.5049e-06,3.1017e-05,3.1954e-06,2.9763e-05,-1.8433e-05,-3.3304e-05,1.8726e-05,2.8643e-07,-3.7836e-06,6.0875e-07,6.704e-06,-9.9083e-06,3.2979e-06,2.6814e-06,4.1004e-05,2.5035e-05,2.7868e-05,1.3722e-05,-6.3165e-05,1.632e-05,-1.1345e-05,-2.1035e-06,3.1377e-05,3.9234e-05,-7.2011e-06,-3.0008e-05,5.0494e-06,2.7928e-06,1.0643e-05,1.7543e-05,8.4705e-06,9.285e-06,1.4084e-05,4.3392e-05,-6.4487e-05,-8.8117e-06,-5.045e-06,-1.766e-05,-1.5653e-06,3.1365e-05,-6.2801e-06,2.0731e-05,1.1031e-05,3.5266e-05,1.9801e-06,8.452e-06,-3.7905e-06,-1.0247e-05,-2.2074e-05,4.5863e-06,1.5399e-05,-2.3217e-05,1.0208e-06,1.9155e-05,-4.6191e-07,1.9951e-06,5.5529e-06,-1.1509e-05,1.3104e-05,-1.4367e-05,2.359e-05,-4.9475e-05,1.6025e-05,-3.7383e-05,-5.2981e-05,2.0628e-05,-1.6358e-05,9.6925e-07,-2.0481e-05,9.4378e-06,-8.8311e-06,2.0972e-05,7.7504e-06,-7.3432e-06,-2.4513e-06,2.6473e-05,-2.8251e-07,-1.5442e-05,2.5201e-05,-1.3083e-05,2.4058e-05,-1.5395e-05,1.1964e-05,-1.6917e-05,5.2211e-07,2.9204e-05,-1.7974e-05,-3.7287e-05,3.7912e-05,1.4204e-05,5.7504e-06,-1.0234e-05,-8.0917e-06,-1.9452e-05,3.4185e-05
-3.515e-06,2.1275e-05,4.3223e-06,-1.3238e-06,-1.2564e-05,-1.8589e-05,1.758e-05,-2.2776e-05,8.2341e-07,-1.4244e-05,1.0601e-05,1.8427e-05,-1.7243e-05,1.0363e-05,-2.565e-06,-8.372e-06,-6.2284e-06,-1.8517e-05,1.7613e-05,2.4483e-05,1.3832e-05,3.6218e-06,-4.3802e-06,-4.1539e-06,1.0893e-06,-8.6762e-06,-5.9276e-06,-4.9729e-06,-9.5583e-06,-3.2729e-06,-2.6118e-06,9.3159e-06,-1.4401e-05,-1.112e-05,1.3122e-07,1.6068e-05,3.9501e-06,4.1041e-06,-8.6409e-07,-1.8703e-05,-2.2143e-05,9.4123e-06,-1.7199e-05,1.068e-05,3.4566e-05,-8.6201e-07,9.7135e-06,-6.8942e-06,-2.8415e-05,-5.4525e-06,-1.0275e-05,-5.9119e-06,-2.6734e-05,-3.3756e-05,-1.8282e-05,1.2686e-06,5.5076e-06,8.3846e-06,-2.7024e-05,8.4812e-06,1.0209e-05,-4.5084e-06,-3.9791e-06,4.079e-06,-2.7329e-05,9.2964e-09,8.3014e-06,8.4173e-07,1.5228e-05,1.4195e-05,-5.7602e-06,-3.9382e-06,-7.8756e-06,2.956e-06,-3.7118e-06,-3.974e-06,-2.0323e-05,4.3896e-06,1.3838e-05,-1.207e-05,-9.5685e-06,3.4237e-05,-1.8585e-05,-1.7821e-05,1.7884e-05,5.6723e-06,-1.3984e-05,2.8121e-06,-2.8291e-05,-2.1822e-05,-6.4981e-06,7.0837e-07,1.2276e-05,-6.4364e-06,3.1908e-05,1.3231e-05,-2.2893e-05,1.1619e-05,-1.2265e-05,2.1903e-06,2.6724e-05,6.745e-06,1.4351e-05,5.7045e-06,-1.3437e-06,-1.8911e-05,-2.5168e-05,1.1696e-05,-2.4204e-06,3.0812e-05,-4.9905e-06,-1.0724e-05,2.4227e-06,-6.7589e-06,3.6296e-05,-5.5168e-06,2.9568e-05,2.9939e-05,1.3496e-05,-2.6535e-05,5.2938e-06,-8.4134e-07,2.7191e-05,-1.1806e-05,1.6636e-05,2.4604e-05,-6.5199e-06,-1.1854e-05,-2.5282e-05,-9.5815e-06,-1.5e-05,4.5641e-06,-1.2911e-05,2.7483e-05,-1.4652e-05,1.7387e-05,-4.362e-06,2.1917e-05,1.8142e-05,6.8111e-06,1.7487e-05,-3.3952e-05,1.4975e-05,-1.1385e-05,1.2734e-05,-3.0224e-05,5.3714e-07,-5.3704e-06,1.3236e-06,-1.8936e-05,2.5296e-06,-1.0326e-05,3.7762e-06,-1.3037e-07,-1.1925e-05,-3.5289e-05,1.2196e-05,-2.5593e-05,2.9187e-06,6.3211e-06,2.7183e-05,-1.766e-05,-2.3518e-05,-2.442e-05,2.3982e-05,-1.4301e-06,-1.2508e-05,5.8763e-06,-8.0499e-06,1.1009e-05,4.4106e-05,-4.9989e-06,-8.4463e-06,-3.5293e-06,-1.1442e-07,3.2076e-05,7.4604e-06,-5.9391e-06,3.9345e-06
-9.3414e-07,3.9306e-07,-4.3556e-06,7.768e-06,4.3238e-06,-1.7815e-06,-6.8571e-06,-5.9642e-07,8.3644e-06,4.2114e-07,3.0064e-06,1.5975e-07,-9.8278e-07,4.4042e-06,4.9963e-06,9.3744e-07,2.1462e-06,8.3186e-08,1.2573e-06,-2.4208e-06,-6.4463e-06,4.1068e-06,2.17e-06,1.6676e-06,-2.9113e-06,1.9916e-06,2.398e-06,1.5093e-06,-3.3497e-07,-3.3015e-06,1.0873e-06,1.6329e-06,-3.0411e-06,-3.4877e-06,1.4847e-06,2.8742e-06,-2.1207e-06,-9.9137e-07,8.0214e-06,-1.3671e-06,-4.7663e-07,-4.8382e-06,-1.8339e-06,5.9585e-06,-8.6662e-07,4.6652e-06,-2.6362e-06,-6.9267e-07,5.7939e-06,-1.4455e-06,-5.5899e-06,-2.2298e-06,-1.2483e-06,-6.0747e-06,-8.4791e-06,-5.0249e-07,4.4655e-06,2.7529e-06,1.1701e-06,-7.7928e-07,4.7894e-06,-4.6029e-07,5.1127e-07,-3.3527e-06,-2.9852e-06,4.4271e-06,2.1418e-06,-2.0161e-06,5.1649e-06,5.3322e-06,-4.9968e-07,5.7934e-07,-2.9881e-06,-5.1384e-06,-6.8727e-07,2.5178e-06,-3.2119e-06,-4.4902e-06,-3.8279e-07,1.4447e-06,-4.1318e-06,5.6598e-06,5.4976e-06,5.1205e-06,-2.137e-06,-2.5584e-06,5.6048e-06,-5.5871e-06,6.6906e-06,-1.4111e-06,-1.3049e-06,8.899e-06,5.6574e-06,1.83e-06,-1.8388e-06,5.9015e-06,-3.2187e-06,-7.2444e-07,4.1746e-06,7.6542e-06,-3.1258e-07,-4.6624e-07,1.1554e-06,1.4533e-06,-7.6341e-06,4.6812e-06,7.3098e-06,-4.7149e-07,-1.2845e-06,-7.2601e-07,1.974e-06,-6.6919e-06,2.0883e-06,-3.1297e-06,-3.6372e-06,-6.1733e-07,4.7054e-07,-2.9222e-06,-3.1088e-06,5.2794e-06,6.9481e-06,3.7616e-06,-3.7415e-06,-3.6013e-06,-3.238e-06,6.4292e-08,1.1725e-06,2.0628e-06,3.1807e-06,1.8034e-06,8.5167e-06,-6.076e-06,-8.9309e-07,4.4919e-08,8.8856e-07,-8.3606e-06,-1.0816e-06,1.1419e-06,5.0886e-06,4.7416e-07,3.8622e-06,2.5196e-06,4.5721e-06,3.5635e-06,-1.2839e-06,7.8203e-07,-5.7745e-07,-1.216e-07,1.3175e-06,1.4758e-06,3.3401e-06,6.7583e-06,-4.0478e-06,-3.0169e-06,5.0641e-06,1.7573e-06,-1.5062e-07,-3.0951e-07,-1.0442e-06,-5.4177e-08,-1.0205e-06,2.8215e-06,6.775e-07,-1.0519e-06,2.7399e-06,-1.1019e-05,-1.0411e-06,1.4307e-06,1.5648e-06,-6.237e-06,9.1833e-06,8.012e-08,6.78e-06,4.8729e-06,7.7104e-06,6.0038e-06,8.6165e-06,9.8407e-06,1.0088e-05
-2.4154e-05,2.2994e-05,2.0823e-05,-1.2233e-05,2.7611e-05,1.5454e-05,-1.5559e-06,-8.6162e-06,-1.6017e-05,2.425e-05,-2.2741e-05,1.5009e-06,-4.4144e-06,2.8105e-05,-2.2894e-05,2.5665e-05,2.6408e-05,9.4004e-06,-1.8543e-05,-3.9378e-05,1.3794e-06,2.4516e-05,9.0791e-06,-1.0659e-05,-2.7196e-05,4.7455e-05,3.5798e-06,7.7873e-06,-2.8565e-05,-1.498e-05,-5.4418e-06,-9.1909e-06,3.9902e-06,-6.7449e-06,-2.294e-06,2.2113e-06,8.1584e-06,1.5982e-06,8.9503e-06,7.4038e-06,-5.9562e-06,-9.5735e-06,-1.2601e-05,3.0767e-06,1.4916e-05,-2.0791e-05,-1.5559e-05,-1.7204e-05,-7.5679e-06,-1.4303e-05,5.7174e-06,-2.396e-05,2.1459e-05,-1.1241e-06,-1.6706e-05,-2.1888e-05,1.2536e-05,-1.1308e-05,1.7946e-05,1.9911e-05,5.8807e-06,-3.9631e-05,1.5087e-05,2.8984e-06,2.7134e-05,1.7135e-05,-1.5427e-05,-3.6144e-05,-3.1632e-05,1.5316e-05,-3.2022e-07,5.2332e-07,6.4757e-06,2.0894e-06,-2.7386e-05,-1.4785e-05,1.5154e-06,6.1247e-05,4.9309e-06,-4.2574e-05,1.5166e-05,-7.0447e-06,-1.1327e-05,-2.9368e-05,-1.5342e-05,-3.8542e-06,4.1977e-06,2.1578e-05,-1.5183e-05,-3.7246e-05,-4.3802e-05,2.7372e-05,1.8096e-05,4.0127e-06,1.8576e-05,-9.2987e-06,1.4521e-05,-1.1485e-05,1.9823e-05,1.7493e-05,2.2475e-05,-2.2025e-05,-5.9583e-06,2.0538e-05,-4.465e-06,-5.0879e-06,5.1568e-05,-3.0217e-05,2.933e-05,1.1617e-05,-5.3177e-06,6.6684e-07,-5.5825e-05,-1.2262e-05,-1.6132e-05,6.3626e-06,1.5474e-05,-1.5397e-05,-1.4543e-05,3.235e-05,2.6242e-05,1.3209e-05,-2.8277e-05,-1.7221e-05,1.5493e-05,-1.4097e-05,-2.1441e-06,2.2922e-05,1.625e-05,-8.1458e-06,1.6862e-05,-2.0347e-05,1.5055e-05,1.2605e-05,-1.7206e-05,-4.3926e-05,-8.3626e-06,-3.3815e-05,3.0008e-05,-2.6834e-05,-2.9958e-05,-4.4566e-06,-2.7039e-05,-3.9729e-05,1.6795e-05,-3.753e-06,-6.7868e-06,1.1151e-05,-5.9709e-07,-7.8278e-06,-1.2805e-06,1.0804e-05,-4.5154e-05,1.4823e-05,-2.3286e-05,7.5442e-05,-3.7154e-05,-1.2556e-05,-1.3548e-05,-6.8726e-05,-6.8476e-06,3.7972e-05,-3.2632e-05,1.676e-05,-1.3896e-05,5.0605e-06,6.8533e-06,-2.4989e-05,2.7466e-06,2.1543e-05,3.5898e-05,1.7391e-06,2.8239e-05,3.6777e-05,-4.3948e-05,-4.0711e-06,2.6762e-05,2.2561e-05,1.0915e-05
1.92e-07,-3.7744e-07,1.1071e-06,-9.1382e-08,1.3776e-06,1.2476e-07,7.1735e-08,-1.5874e-07,-5.9899e-08,8.6358e-07,1.1478e-06,-1.9135e-06,6.228e-08,-7.7995e-07,8.9102e-07,-7.1545e-07,-3.5362e-07,-1.1005e-06,2.1419e-06,4.4146e-08,-8.9845e-08,-5.1804e-07,-2.7857e-07,4.6056e-08,-2.1866e-07,1.0909e-07,-8.3798e-07,2.854e-07,-8.4384e-07,1.2031e-06,-1.1238e-06,1.8183e-07,3.1568e-07,-6.9466e-07,-7.9555e-09,-1.4102e-07,1.0516e-07,8.1418e-08,-1.1961e-06,-1.0825e-06,-9.8396e-07,1.0896e-06,-4.8248e-07,-1.4702e-08,-9.9492e-07,3.325e-07,4.9083e-07,-1.1853e-06,1.2559e-06,-9.7664e-07,-2.6417e-07,2.4215e-07,5.7325e-07,-2.791e-07,7.4485e-07,-1.2364e-07,7.5893e-07,-1.0008e-07,1.2057e-06,9.6586e-07,-7.4157e-07,-1.1432e-06,1.0547e-07,-4.7029e-07,4.4919e-07,-2.2575e-06,-6.5563e-07,1.0111e-06,-6.957e-07,2.6398e-07,-8.6416e-07,2.1481e-07,7.3416e-08,1.9549e-07,-1.4537e-06,-7.7868e-07,-1.8315e-06,-6.5196e-08,-5.5725e-07,2.2203e-07,-1.3535e-06,1.0156e-06,-8.3729e-07,-7.4022e-07,1.0286e-06,6.1191e-07,-1.4256e-06,4.0127e-07,1.2293e-06,-1.9156e-07,7.5767e-07,1.4299e-06,-2.2109e-06,9.3665e-07,-1.12e-06,1.3615e-06,-2.7509e-08,-2.4415e-06,8.7894e-07,8.6509e-07,7.3945e-07,9.4479e-07,-2.0907e-06,-1.5069e-07,-9.8745e-07,1.0344e-06,1.0304e-06,2.1401e-06,5.073e-08,-1.123e-06,-1.918e-06,2.0813e-07,6.5399e-07,2.8113e-08,3.4565e-07,-1.0744e-06,3.4681e-07,-4.0308e-07,-1.2939e-07,1.0711e-06,-5.2292e-07,3.6773e-07,9.8006e-08,4.2343e-07,5.232e-07,9.4661e-07,1.372e-06,2.6595e-06,-4.6658e-07,1.2556e-06,-7.0687e-07,-9.3936e-07,-4.0149e-07,-5.5287e-07,1.4927e-06,1.7236e-06,4.3292e-07,-4.5417e-07,5.3897e-08,-9.0864e-07,-4.939e-07,-1.0767e-06,-7.4837e-07,-7.2401e-07,-3.6198e-07,-2.3028e-06,6.7875e-07,-3.5586e-06,-1.1945e-06,-2.3718e-07,-1.3802e-07,2.0815e-06,-1.075e-06,-6.3785e-07,2.2504e-07,-2.317e-06,1.4288e-06,3.5337e-07,-3.7822e-07,-6.8791e-07,3.8737e-06,-2.5347e-06,1.2786e-06,-1.864e-06,2.4183e-06,-9.7973e-07,-6.6113e-07,1.1051e-07,5.5485e-07,6.8477e-08,-4.0567e-07,-5.5459e-07,-1.9479e-07,8.3878e-07,-1.4911e-06,-6.688e-07,-6.2661e-07,1.0447e-06,7.3516e-07
7.5276e-05,-7.5269e-05,-4.5887e-05,-2.7966e-05,-3.3296e-05,1.6924e-06,4.7634e-05,2.7076e-05,-3.6507e-05,-4.2846e-05,5.7265e-05,4.2009e-05,4.0172e-05,-3.4495e-05,2.7925e-05,-3.0954e-05,-3.0523e-05,-3.4875e-05,-2.8602e-05,2.8075e-05,-2.2327e-05,-6.1544e-05,-2.079e-05,-5.8977e-05,9.6567e-05,-7.062e-05,-4.8184e-05,7.0256e-06,1.319e-05,6.3057e-06,4.6209e-05,4.2274e-05,-3.472e-06,-1.1877e-05,-2.6009e-05,-6.3685e-05,3.1059e-05,5.0253e-05,-4.4443e-05,1.5475e-06,5.1698e-05,5.9501e-05,-4.0415e-06,-3.8342e-05,-4.5525e-05,4.6374e-05,2.6571e-06,0.00013325,-6.642e-05,5.1097e-05,3.2074e-05,3.2228e-05,8.8613e-06,5.0479e-06,0.00013055,3.8229e-05,-9.9124e-05,5.1155e-07,-6.4906e-05,-1.8611e-05,-2.4724e-05,2.9962e-05,-2.5806e-05,-2.09e-05,-6.6693e-05,-6.1804e-05,-1.904e-06,6.0654e-05,-2.4267e-05,-9.9924e-05,-3.9595e-05,-5.4152e-06,-1.4125e-05,1.9722e-06,8.4228e-05,3.0933e-05,5.9511e-06,-5.7875e-06,1.7939e-05,8.2532e-05,9.5362e-06,-2.1973e-05,5.4374e-05,4.5316e-05,-2.8856e-05,5.4945e-05,8.0221e-05,2.4077e-05,-4.1575e-06,0.00011893,4.051e-05,-6.7954e-05,-5.5569e-05,-2.5968e-05,-3.7777e-05,-1.7889e-05,2.8114e-05,3.4233e-05,-9.2286e-05,-0.00011951,-5.1261e-05,3.5949e-05,3.3779e-05,1.0214e-05,5.2265e-05,4.3401e-05,-8.7008e-05,-5.0888e-06,-0.00010545,-8.092e-06,-8.2592e-06,2.3303e-05,1.3131e-05,7.2677e-05,1.5656e-05,4.0042e-06,-6.1667e-05,5.7805e-05,-3.0842e-05,-2.4645e-05,-1.4338e-05,2.1367e-05,6.3485e-05,6.011e-05,-3.7083e-05,5.0608e-05,-2.6391e-05,-4.6345e-05,-3.4886e-05,1.4449e-05,-4.8216e-05,3.2832e-05,-9.5604e-05,3.8037e-05,1.1472e-05,4.9697e-05,-6.5831e-05,-4.7651e-05,-0.00016011,9.5269e-05,-2.1854e-06,3.9696e-05,5.6709e-06,0.00010669,-1.488e-05,-2.9181e-05,3.6753e-05,-2.565e-05,-2.1285e-05,3.235e-05,-1.6584e-05,-0.00011646,-2.2722e-05,-2.2301e-05,-3.4584e-05,-0.0002098,5.2959e-05,-6.7834e-05,-3.0489e-06,0.00011589,2.3024e-05,2.5399e-05,7.5734e-05,1.0643e-05,-1.4891e-05,1.3931e-05,8.0082e-06,6.5398e-05,4.2402e-05,2.8053e-05,-0.00013439,1.1376e-05,-0.00012498,-3.1747e-05,3.5619e-05,-4.2554e-05,-7.7772e-05,-3.7411e-05,-6.0274e-05
5.3306e-07,-2.7936e-05,-8.0066e-06,1.3308e-05,2.886e-06,-3.8869e-06,-2.7372e-06,-1.2804e-05,1.4922e-06,7.8467e-06,9.3285e-06,-1.4076e-05,-2.0757e-06,7.8408e-06,4.0564e-06,-7.5162e-07,5.0507e-06,8.4534e-06,-9.8038e-06,-1.6039e-05,1.0439e-05,1.8605e-05,5.7451e-06,3.0699e-06,2.4291e-08,-1.377e-05,1.4174e-05,1.6165e-06,5.253e-06,-1.0484e-05,8.3152e-07,-6.2026e-07,1.7206e-06,1.5306e-06,-6.4515e-06,3.5704e-06,9.9422e-06,-2.2985e-06,-9.6919e-06,2.2031e-05,-1.487e-05,1.7033e-05,-1.3062e-05,1.0401e-05,3.2526e-06,-1.89e-05,7.1143e-06,-9.9258e-07,-2.974e-06,1.682e-05,-7.7403e-06,-4.2634e-07,9.1962e-06,-5.9472e-06,-6.7709e-06,-4.9291e-06,2.0846e-05,8.8199e-07,-1.616e-05,-2.5364e-07,-8.2682e-06,1.2737e-05,-4.4228e-06,-2.6615e-06,4.8074e-06,-2.07e-05,9.8903e-06,-1.5912e-06,1.6727e-05,1.2359e-05,-4.5962e-06,1.6374e-06,4.5109e-06,1.9888e-05,5.765e-06,-1.0228e-05,-1.9735e-06,-3.2304e-07,-1.2214e-05,1.8466e-06,-2.668e-06,6.7349e-06,-1.5266e-05,3.5363e-06,2.1478e-05,-1.1175e-05,4.7088e-06,-8.8291e-06,-5.1761e-06,-1.2492e-06,-1.6422e-05,-7.1674e-06,1.0272e-05,-1.1829e-05,-2.7616e-06,-1.0844e-07,2.8377e-06,1.2616e-05,-1.5467e-05,6.9123e-06,7.2826e-06,-6.7846e-06,2.1443e-05,1.1092e-05,8.9701e-07,7.2166e-06,-2.7616e-06,-3.3984e-06,-2.8873e-05,1.682e-06,1.3558e-05,-3.0841e-05,-4.289e-07,2.8758e-06,-2.6591e-05,9.3978e-07,-1.6015e-05,-1.9268e-06,8.1794e-06,-7.3659e-06,1.4042e-05,1.187e-05,-3.8077e-06,3.0811e-06,-1.2137e-05,6.233e-08,1.0547e-05,-2.54e-05,3.1549e-06,-2.4192e-05,-3.4346e-06,1.3878e-05,4.354e-06,-3.7673e-06,-1.8866e-05,1.3663e-05,2.5447e-06,2.3504e-07,2.291e-06,1.6243e-05,-1.973e-05,-5.246e-06,-2.3784e-06,-2.8012e-06,5.1572e-06,8.1845e-06,-1.0334e-05,6.294e-06,7.0562e-06,-1.4713e-06,-6.2092e-06,2.0044e-05,-5.9271e-06,1.5443e-05,8.6417e-06,3.8532e-06,-1.1709e-05,1.9355e-05,-1.7883e-06,-7.9383e-06,-5.4023e-06,1.2266e-05,1.179e-06,-1.1959e-05,-4.6439e-06,-2.159e-05,5.1421e-06,4.2046e-06,-1.5008e-05,-1.2253e-05,-2.2618e-07,6.9066e-06,-8.5472e-06,-1.4717e-06,-2.2058e-06,-1.9224e-05,-2.6947e-05,2.8289e-05,-1.3187e-05
1.2398e-05,-2.4802e-05,-1.4197e-05,3.0596e-07,9.0059e-06,-1.0434e-05,1.771e-07,-1.4774e-05,2.247e-06,-1.2897e-05,1.4768e-06,-6.6108e-06,1.4721e-05,-6.6108e-06,-2.1079e-06,-1.1133e-05,1.0603e-05,7.2486e-06,2.686e-06,-1.0157e-05,1.5396e-05,1.4692e-05,2.239e-06,-7.8006e-07,8.9842e-06,-1.7333e-05,4.0294e-06,1.984e-05,6.7491e-06,-1.749e-05,3.4515e-06,-1.4212e-06,1.0349e-05,9.4132e-07,2.3201e-06,6.1143e-06,2.1057e-05,-7.0501e-06,-1.7609e-05,2.5445e-05,-9.3328e-06,5.2379e-06,6.9809e-06,4.6377e-06,9.1912e-06,-2.1931e-05,1.5297e-05,-1.082e-05,-7.573e-06,1.1028e-05,-1.0795e-05,8.7623e-07,1.5928e-05,-2.2991e-06,-1.776e-05,3.5799e-06,1.8337e-05,7.7497e-06,-2.6539e-05,5.7144e-07,-6.9163e-06,7.0441e-06,3.2696e-06,3.5079e-06,9.7721e-06,-3.4608e-05,5.5879e-06,5.0273e-06,1.4181e-05,1.6153e-05,-6.9292e-06,1.1304e-05,7.3186e-06,1.7064e-05,-9.3335e-06,-4.4309e-06,-1.9122e-05,-4.9681e-06,-1.4862e-05,1.2919e-05,-2.8627e-06,5.2508e-06,-1.0128e-05,-1.8489e-06,6.3794e-06,-3.4432e-05,-7.0267e-06,-1.6213e-05,2.0982e-05,6.6293e-06,-1.4574e-05,-3.5028e-06,-1.0885e-06,-1.3255e-05,7.8006e-07,8.3158e-06,9.5463e-06,1.5173e-05,-7.6362e-06,-2.4866e-05,-8.5093e-08,8.9405e-06,2.391e-05,1.0736e-05,1.1795e-05,9.2602e-06,-2.7246e-05,1.5309e-05,-1.8881e-05,1.8641e-05,1.7811e-06,-1.7222e-05,-1.2531e-05,5.7803e-06,-1.5946e-05,4.6294e-06,-2.1827e-05,-1.2998e-05,2.9167e-05,-2.6602e-05,1.1554e-05,-6.9752e-07,-1.5996e-06,-1.14e-05,-4.5372e-06,4.4383e-06,-1.6826e-06,-1.5585e-05,9.9546e-06,-8.0934e-06,-2.3608e-05,1.6609e-05,-6.2484e-06,-2.821e-05,-1.4766e-05,3.9311e-05,-9.247e-06,1.1519e-06,1.9407e-05,1.1303e-05,-1.639e-05,-2.5492e-06,-9.8247e-06,-9.6438e-06,1.5847e-05,1.8095e-05,-1.8596e-05,-7.5483e-07,-5.5126e-06,-2.3064e-05,1.6648e-05,2.1319e-05,6.1332e-06,1.6784e-05,2.496e-05,-1.9021e-05,3.9352e-06,1.2946e-05,7.7803e-06,-6.2434e-06,2.4899e-06,2.0052e-06,-1.0697e-05,-2.0598e-05,-4.0295e-06,-1.0378e-05,-1.0165e-05,1.4446e-06,-2.8249e-05,-1.5149e-05,-6.1334e-06,9.8924e-06,-1.9665e-05,-1.5386e-06,-8.631e-06,-2.6633e-06,-3.5579e-05,5.1295e-05,-2.1763e-05
-8.4313e-06,-1.7982e-05,-2.0707e-05,-1.6332e-05,-2.3664e-06,1.7034e-05,2.2784e-05,-1.6349e-05,-3.7304e-06,-1.3303e-05,-5.3759e-06,1.5947e-05,2.1862e-05,2.1191e-05,3.9976e-06,4.0894e-06,2.5777e-05,3.0701e-05,-2.1536e-05,-5.3022e-06,1.2071e-05,-2.1184e-05,-2.9026e-06,4.1422e-06,4.6433e-06,-1.542e-05,-1.3067e-05,8.1398e-07,-1.0304e-06,-3.7194e-05,4.2163e-05,2.0634e-05,3.0873e-05,7.1574e-07,1.5959e-05,-2.396e-05,1.6746e-05,-1.5111e-05,-5.9351e-06,-1.6114e-05,-3.261e-05,1.2618e-05,-1.8347e-06,-6.8613e-06,-8.5134e-06,-2.3923e-05,-9.7161e-06,-2.4695e-05,-2.9856e-05,2.171e-05,2.4035e-05,5.5044e-06,1.2833e-05,-2.2217e-05,5.9166e-06,2.1398e-05,-3.1723e-06,-5.5508e-06,-2.2339e-05,-1.5773e-05,1.615e-06,-1.9342e-05,1.7441e-05,-1.547e-05,-1.0604e-05,-8.7224e-06,5.6486e-06,1.1673e-05,3.2877e-05,2.5463e-05,-9.4535e-06,-2.8393e-05,-8.0208e-07,2.5639e-06,-1.2031e-05,-1.215e-05,-8.2821e-06,-1.131e-06,-6.0491e-05,-3.8685e-05,-6.6058e-06,2.2902e-05,4.9522e-05,8.5755e-06,-1.241e-05,-4.3677e-05,1.8974e-05,2.5245e-05,-1.0401e-05,8.2615e-06,-1.7411e-05,1.2154e-05,1.2387e-05,-2.1154e-05,-1.3402e-05,-2.8912e-05,1.4272e-05,3.4785e-05,9.0199e-06,-2.5905e-05,-1.0391e-05,7.0785e-06,2.6367e-05,-1.9559e-06,2.523e-05,2.5092e-05,-3.1041e-05,-2.0525e-05,-6.1468e-06,-1.1185e-06,6.9773e-06,-6.6816e-06,7.5814e-06,4.4016e-05,3.1756e-07,-3.8869e-05,-1.9363e-05,-1.3114e-05,2.5543e-06,-3.5252e-05,-9.8693e-06,8.7614e-06,3.8315e-06,4.1645e-05,-4.7168e-06,4.0297e-05,7.0993e-06,8.5893e-06,2.0638e-05,-1.4981e-05,-3.3803e-05,3.609e-05,-1.2096e-06,-2.7689e-05,-1.9269e-05,2.6882e-05,7.1382e-06,-1.2493e-05,-1.067e-05,-3.9146e-05,-5.8089e-06,-2.1117e-05,-1.0025e-05,9.1135e-06,1.4392e-05,-2.3724e-05,-1.0389e-06,1.7714e-05,-1.4623e-05,-1.2357e-05,4.051e-05,-6.9718e-06,1.4362e-05,-5.6152e-05,-5.3834e-06,-9.8219e-06,4.9296e-05,-6.4379e-05,4.2317e-06,-2.2225e-05,-4.6715e-05,9.6389e-06,-3.5566e-06,5.4265e-06,-5.7925e-06,1.7223e-05,2.4849e-06,-2.0557e-05,2.214e-05,-1.8287e-05,-2.1983e-05,2.7025e-05,-5.0299e-05,2.1898e-05,-5.8893e-06,-2.5015e-05,9.6029e-06,9.8056e-06,3.004e-05
4.7872e-06,-1.5714e-06,-2.5904e-06,-4.0222e-06,2.3376e-06,-3.6378e-06,9.7373e-07,-2.307e-06,2.2746e-06,-5.2518e-06,2.1446e-06,1.7864e-06,4.2994e-06,-2.0172e-06,-2.1143e-06,-2.123e-06,-2.8242e-06,2.7349e-06,-2.7281e-06,2.7357e-06,2.7236e-06,-3.9263e-06,-3.3524e-06,-1.5582e-06,-3.214e-06,-1.5177e-06,2.6821e-06,4.7752e-06,7.828e-07,-1.433e-06,5.1527e-06,3.0623e-06,7.111e-06,1.5479e-06,-1.7832e-06,1.7806e-06,2.9196e-06,-8.1608e-07,-4.4762e-06,-2.1681e-06,1.2806e-06,2.2872e-07,4.5999e-06,-4.9041e-06,-4.1886e-06,-4.5546e-06,-2.8475e-06,8.4716e-07,1.5651e-06,3.7326e-06,2.6606e-06,-5.9722e-07,9.187e-07,-1.1862e-06,7.1975e-06,-5.3723e-07,-3.8458e-06,-1.3258e-06,1.9909e-06,-3.2273e-06,1.278e-06,2.9825e-07,4.1897e-06,7.4512e-06,-2.733e-07,-6.5153e-06,-6.7088e-07,3.4954e-06,4.2242e-06,1.1465e-07,-3.9486e-07,-6.4147e-06,-2.4409e-07,-1.8252e-06,8.5306e-06,1.5579e-06,1.5571e-06,4.1421e-06,-1.8945e-06,4.814e-06,-2.398e-06,2.3884e-06,-1.172e-06,-4.111e-07,4.4664e-06,-9.0263e-07,-2.9349e-06,5.311e-06,-8.5797e-06,4.447e-06,-5.7333e-06,-2.9231e-06,1.1165e-06,4.1368e-07,8.8758e-07,3.486e-06,-2.48e-06,-1.2705e-06,-2.8241e-06,-1.0602e-05,1.0211e-06,1.7651e-07,8.9168e-06,-1.985e-06,7.6485e-06,-2.728e-06,-8.8551e-06,-8.3773e-07,4.5472e-07,2.6651e-06,-2.8876e-06,2.6969e-06,7.4763e-07,6.185e-06,7.5105e-06,-2.446e-07,-4.4764e-06,-4.3107e-06,2.5984e-06,-9.9506e-06,-6.0723e-06,-3.9007e-06,2.807e-06,4.7881e-06,6.5812e-06,-1.8973e-06,-8.2178e-07,3.1846e-06,-2.2219e-06,-9.6592e-06,-4.9306e-06,4.7738e-06,-6.8835e-06,1.2614e-06,-6.0082e-07,3.9405e-06,9.3191e-07,4.081e-07,4.8621e-07,-1.5483e-06,-1.7541e-06,-4.3376e-06,-3.0898e-06,1.2166e-08,1.3558e-06,4.2547e-08,4.1238e-07,-7.688e-07,1.4218e-06,-6.4501e-06,-2.7853e-06,-5.4272e-07,9.003e-06,-5.8784e-06,-4.2494e-06,-9.4815e-06,5.4427e-06,-1.156e-06,4.3133e-06,1.1602e-06,6.0268e-06,3.8165e-06,1.3743e-06,-3.413e-06,-1.1653e-05,1.008e-05,-9.6268e-06,4.4249e-07,5.393e-08,-1.1167e-06,-3.3483e-06,4.222e-06,-4.1513e-06,2.4495e-06,3.9944e-06,1.703e-06,-5.3225e-06,-8.2184e-06,-4.0956e-06
-1.348e-05,1.5535e-05,-8.8896e-06,-7.3805e-06,1.1321e-06,1.3111e-05,3.2306e-06,-3.7809e-06,-1.4772e-05,1.3975e-05,-4.9078e-06,2.5724e-06,3.8362e-06,-7.7816e-08,1.5805e-05,1.8636e-05,6.1915e-06,-3.6532e-06,-1.0358e-05,-3.5379e-06,2.0145e-05,-1.6425e-06,-1.5187e-05,-1.0423e-05,-4.1901e-06,-8.5632e-06,4.6322e-06,-2.8735e-05,-2.0628e-05,-5.0111e-06,6.017e-06,-8.2675e-06,-1.6158e-05,-1.489e-06,-4.9211e-06,-1.029e-05,-1.1085e-05,-1.7652e-05,2.09e-05,-9.1085e-06,2.4018e-07,3.8382e-06,-1.3754e-05,-1.47e-05,3.2709e-06,-1.0651e-05,1.2623e-06,1.2438e-05,-4.3472e-06,5.0378e-06,-2.1513e-06,-1.3388e-05,-2.4465e-05,5.8623e-07,6.4742e-06,-5.8724e-06,2.707e-05,-6.0548e-06,1.4342e-05,-1.9153e-06,-8.7139e-07,2.5011e-05,-1.162e-06,-4.173e-06,-1.7579e-05,2.5432e-05,-4.1694e-06,1.6886e-05,-1.5321e-05,1.3243e-05,1.645e-05,-9.7459e-06,-1.6906e-05,1.8373e-05,2.454e-05,5.4477e-06,-1.131e-05,-1.2016e-06,-1.8963e-05,-3.6729e-05,3.4753e-05,5.7495e-06,2.3788e-05,6.7023e-06,-1.1432e-05,2.2947e-05,-1.1431e-05,-7.3751e-06,-1.3483e-05,-1.7746e-05,9.2866e-07,4.5621e-06,3.3895e-06,-7.9367e-06,-1.2472e-05,-2.8214e-05,-1.0114e-05,2.5516e-05,-1.4694e-05,2.182e-06,8.3968e-07,-5.9489e-06,1.2737e-05,-3.5881e-06,-1.2697e-05,1.0553e-05,-1.5672e-05,-1.155e-05,4.5966e-06,-2.9289e-05,1.8353e-05,-2.3181e-05,1.429e-05,1.8399e-06,5.3686e-06,-3.0013e-05,1.4501e-06,8.5223e-06,-1.3533e-05,2.9144e-05,-1.7675e-05,5.3759e-06,-4.2621e-06,2.2264e-05,-3.3975e-05,5.6138e-06,1.4165e-06,6.7729e-06,-1.5297e-06,-2.1087e-05,2.1859e-05,8.1396e-06,1.082e-05,2.2374e-05,-3.1239e-05,-8.7641e-06,-2.14e-05,1.702e-06,1.5292e-05,-5.2784e-06,-3.7911e-06,-4.902e-06,2.4885e-05,8.6561e-06,5.1953e-06,-2.6141e-05,1.939e-05,3.8002e-05,4.0942e-05,2.103e-05,1.5933e-05,-3.0137e-05,1.2868e-05,-1.9103e-05,2.7546e-06,-1.115e-05,-1.5856e-05,-2.4717e-05,-2.1558e-05,-7.1681e-06,-2.5813e-05,-1.4925e-05,1.5611e-06,6.9995e-06,1.3865e-05,-2.5917e-05,2.5575e-05,-2.9004e-05,1.9653e-05,1.0872e-05,6.8599e-06,3.1167e-07,-1.1054e-05,-5.4932e-06,-2.6509e-05,-1.3966e-05,1.2182e-05,-9.0152e-06,5.608e-06
2.653e-06,3.4714e-06,-8.2393e-07,1.6865e-06,-8.9911e-07,6.9926e-07,1.0929e-06,-6.364e-06,6.4337e-06,-2.1675e-06,1.4624e-06,-1.1556e-08,-1.0214e-06,-1.6619e-06,-4.8038e-06,-8.2763e-07,-7.2462e-06,1.7299e-06,-4.4577e-06,9.5472e-07,-2.8544e-07,-4.0611e-06,3.1989e-06,8.2358e-06,6.1404e-07,3.5966e-06,-1.9888e-06,-2.9406e-06,4.0787e-06,4.4517e-06,9.3543e-06,4.6452e-06,1.3307e-06,-1.9514e-06,-1.0292e-05,2.8853e-06,2.7151e-07,5.3788e-06,-3.108e-06,-5.5428e-06,6.3998e-06,7.4252e-06,4.4813e-06,-7.2706e-06,5.4737e-06,-2.9897e-06,5.8327e-06,9.3458e-06,-5.1428e-07,-4.373e-06,-1.8321e-07,1.0175e-06,-1.1729e-06,-8.7877e-06,1.4265e-05,2.44e-06,8.2181e-07,-5.5746e-06,-3.384e-06,-8.9351e-06,-1.9576e-05,1.3656e-06,1.0442e-05,-1.2845e-05,9.6981e-06,-1.0109e-05,-4.9404e-06,5.0436e-06,-2.2602e-06,-7.4501e-06,-3.9864e-07,-9.8341e-06,-3.5255e-07,-4.4115e-06,6.8432e-06,-8.8025e-07,-1.1059e-05,7.5416e-06,6.3453e-06,-1.5664e-06,-3.543e-06,-1.3588e-05,4.0917e-06,1.5324e-06,3.1861e-06,6.3617e-06,-1.2132e-06,3.4115e-06,-6.8172e-06,9.3282e-06,8.431e-06,-8.9473e-06,8.4105e-06,-6.6665e-06,4.2626e-06,-1.4678e-06,-1.1801e-05,6.5417e-07,9.2262e-06,-1.1866e-06,7.8413e-06,-2.0969e-07,-9.0285e-06,2.9551e-06,8.8589e-06,1.2369e-06,-2.4242e-07,2.5987e-06,9.3325e-06,-2.3264e-06,-1.6018e-06,6.6615e-06,-5.1208e-06,4.7083e-06,6.122e-06,1.2239e-05,7.428e-07,9.7405e-06,-9.8512e-06,-9.7636e-06,-6.5941e-07,-5.481e-07,3.3909e-06,1.3036e-06,-6.9313e-06,-1.0173e-05,5.279e-07,7.7548e-06,2.2545e-07,-5.5375e-06,4.1837e-06,-8.8823e-06,1.4369e-06,3.3324e-07,2.6403e-06,-5.8737e-07,-5.8278e-06,1.1807e-06,-6.3033e-06,2.2735e-07,-1.8585e-05,-8.0688e-06,3.2837e-06,3.9142e-06,4.5332e-06,5.4422e-06,-1.3348e-06,-9.036e-06,-6.5665e-06,1.2425e-06,-3.7683e-06,-1.5417e-06,1.8111e-06,-5.2039e-07,-2.2459e-06,-1.0525e-05,2.3704e-06,5.2566e-06,-2.2222e-06,1.3191e-05,-4.2574e-06,-4.931e-06,6.5323e-06,2.2886e-07,-6.2456e-06,3.8113e-06,1.2239e-05,-7.1935e-06,6.8867e-06,7.2436e-06,7.6629e-06,-2.8881e-06,-2.7126e-06,-3.9634e-06,-1.0912e-06,5.8999e-06,-1.3925e-05,-1.0456e-05,-7.6117e-06
-1.6163e-05,1.4957e-06,4.6916e-06,-4.5342e-06,-9.0859e-07,1.613e-05,4.8907e-06,-4.0938e-07,8.9235e-07,2.998e-06,5.5745e-07,-5.2123e-06,5.6809e-06,-2.2493e-07,5.3519e-06,6.8645e-06,7.3445e-07,8.6332e-06,-2.4655e-06,-1.1147e-05,-6.2443e-06,4.9747e-06,2.435e-06,6.2401e-06,-2.2347e-06,1.48e-06,-8.6058e-07,-3.8623e-07,5.3443e-06,-3.2705e-06,-9.3498e-06,2.1094e-06,9.625e-06,-4.342e-06,-1.0921e-05,-1.9442e-06,5.9286e-06,3.4883e-06,-5.1086e-06,6.827e-07,-1.4392e-05,9.5171e-06,1.9159e-06,5.796e-06,6.8276e-06,3.1974e-07,3.8729e-06,-8.5414e-06,-7.1639e-06,2.4773e-06,3.0775e-06,-3.652e-06,6.8752e-08,7.3425e-07,-1.1695e-06,-2.8568e-06,2.3094e-06,-2.3508e-06,1.5154e-06,1.5249e-06,-7.6467e-06,2.7884e-06,6.1964e-07,3.8098e-06,3.9384e-06,-3.3469e-06,3.0242e-07,-1.9343e-06,-6.3994e-06,-8.217e-06,6.5238e-06,-1.6497e-06,1.4685e-07,6.6874e-06,-1.494e-05,-1.7552e-05,8.648e-07,7.7499e-06,2.1239e-09,-1.8757e-05,-7.1805e-06,2.8839e-06,1.3283e-06,-4.4196e-06,1.0553e-05,-6.9402e-06,1.9489e-06,-4.6226e-06,1.5851e-06,2.2798e-06,-5.6161e-06,-3.1886e-07,-7.1027e-06,-6.5383e-06,-3.8437e-06,-6.9264e-06,3.4478e-06,6.4386e-06,1.8791e-05,-1.4473e-07,-5.7611e-07,-4.9184e-06,-3.3329e-06,1.48e-05,-1.3707e-06,-4.9896e-06,1.0884e-05,-9.8977e-06,9.0553e-07,8.363e-06,9.599e-06,2.3703e-07,-3.5629e-06,-7.045e-06,5.8966e-06,7.6693e-06,2.6937e-06,-1.5217e-05,1.8013e-05,3.7008e-06,-2.2008e-06,9.0914e-06,6.0714e-06,-6.5766e-06,5.929e-06,-1.3976e-06,1.0083e-05,4.4252e-06,-8.491e-06,1.373e-06,8.9475e-07,-2.1727e-06,5.9188e-06,-3.4209e-06,-5.9367e-06,-1.5519e-06,1.3383e-07,-1.0118e-05,2.8066e-06,-4.0767e-06,1.4114e-06,-8.2234e-06,-5.9087e-06,-3.4334e-06,1.417e-06,4.6871e-06,-1.0535e-05,3.4143e-06,1.3107e-05,4.6322e-06,-1.5251e-07,7.2075e-06,4.2899e-07,5.7199e-06,-3.7464e-07,-3.6277e-06,-7.8472e-06,9.4525e-06,7.6798e-06,-1.8945e-05,-2.0768e-05,-9.2854e-06,-3.2543e-06,3.1525e-06,2.4747e-06,5.6555e-06,6.6996e-06,8.537e-07,3.4697e-07,-8.1054e-06,7.328e-06,1.0396e-05,-2.2615e-05,-7.7861e-06,-2.8535e-06,-2.5186e-06,1.6254e-05,-1.8752e-06,-9.8185e-06
4.2008e-06,3.346e-06,1.1914e-05,-5.7223e-06,-3.2715e-06,-7.7568e-08,-3.3494e-06,1.9231e-06,-3.2864e-06,3.8228e-06,-4.9099e-06,1.1386e-06,3.163e-06,-4.2925e-06,8.1494e-07,-1.2946e-06,-1.3809e-06,-2.7244e-06,2.6175e-06,-2.445e-06,9.2122e-06,-3.5814e-07,2.2849e-06,-7.2168e-06,-3.0764e-06,2.2879e-06,7.9711e-06,-4.1435e-07,-1.9807e-06,5.925e-06,4.3933e-06,-3.0226e-06,-4.6396e-06,-2.8808e-06,1.2218e-06,-3.6726e-06,1.8326e-06,-3.0009e-06,-2.4685e-06,6.1078e-06,2.0297e-06,7.1751e-06,-6.335e-06,2.2965e-06,-8.443e-07,2.4392e-06,4.5083e-06,8.9266e-06,1.6524e-06,6.6111e-06,-8.0826e-07,7.6339e-06,-3.3574e-06,4.0045e-06,5.66e-06,-3.8344e-06,-3.7032e-06,1.0242e-06,1.197e-06,9.6401e-06,5.9534e-06,5.5711e-06,-4.3029e-06,-5.8247e-06,7.6167e-07,-5.2836e-06,-5.0497e-07,9.7573e-06,-1.7556e-05,-3.1552e-06,7.0822e-06,1.4133e-06,-6.2683e-08,1.9977e-06,1.0702e-06,-3.5112e-06,-1.1892e-05,2.3573e-06,4.3443e-06,-5.3764e-06,5.422e-06,-3.0543e-06,-1.0078e-05,2.2856e-06,-5.5283e-07,9.8488e-06,-7.5877e-06,-7.9731e-07,-3.6392e-06,-8.035e-06,-2.1017e-06,8.5983e-07,-4.0148e-06,-3.7979e-06,3.2755e-06,-7.507e-06,-2.5296e-06,8.4387e-06,5.4988e-06,-6.9443e-06,6.6302e-06,6.1331e-06,-8.2378e-06,-2.8697e-06,-3.8629e-06,7.1865e-06,2.1102e-06,9.0801e-06,-7.6991e-06,-8.0976e-06,-4.8159e-06,-9.534e-06,9.9901e-06,-8.5904e-06,5.0279e-06,3.5602e-06,4.0268e-06,1.1062e-05,-1.2702e-05,-2.1217e-06,-2.6743e-06,-6.5988e-06,4.601e-06,6.2014e-06,-2.2373e-05,6.832e-06,-3.3985e-06,-8.2234e-06,-1.3332e-06,-1.0633e-05,-2.4544e-06,-4.956e-06,-1.8087e-05,1.21e-05,-9.4202e-06,-7.5975e-06,-7.2359e-06,1.4973e-05,-1.3347e-06,4.6391e-06,-7.0122e-06,-4.9296e-06,1.0847e-06,-3.6169e-06,1.2489e-05,-1.0366e-05,5.9021e-07,-7.8412e-06,5.254e-06,8.0954e-06,9.073e-07,-2.658e-06,-3.4462e-06,-1.167e-06,1.3935e-06,-8.4908e-06,-7.675e-07,7.6677e-06,2.3334e-06,1.1231e-05,2.632e-06,-6.6633e-06,-1.1211e-05,-8.8755e-06,1.3579e-05,-1.3832e-05,6.602e-07,-3.2269e-06,-4.4671e-06,1.5195e-07,6.9694e-06,-8.5176e-06,1.2523e-05,-1.0057e-05,-1.1764e-05,-1.5936e-06,-7.1246e-06,-3.9293e-06,-1.1379e-05
-1.9369e-05,-3.7935e-06,5.4159e-06,-3.4149e-06,-3.3164e-06,2.0478e-05,-1.3237e-06,1.8939e-05,5.7211e-06,-7.4884e-06,-6.205e-06,-1.6528e-06,1.2299e-05,4.4507e-07,9.8333e-06,1.7647e-06,4.872e-06,5.8139e-06,9.1573e-07,-3.77e-06,6.881e-06,-3.7657e-06,9.9176e-06,1.3138e-05,-1.4597e-06,9.3058e-06,6.0348e-06,-6.6159e-06,-9.8998e-06,6.0001e-06,-1.2447e-05,-1.3998e-05,-3.8585e-06,-1.2056e-05,-1.6977e-05,-1.014e-05,-7.9921e-06,-2.5955e-06,7.7772e-06,-2.6366e-06,1.4716e-05,-9.9323e-06,9.6959e-06,1.3776e-05,1.8141e-06,-1.1685e-05,8.4083e-06,-1.6496e-05,-2.0351e-06,-1.0738e-05,1.5307e-05,-1.7135e-05,1.4744e-05,-1.1141e-05,-8.243e-06,-2.2187e-05,1.2444e-05,2.7342e-06,1.4903e-05,1.6616e-05,-1.3753e-05,1.6137e-05,-8.2976e-06,8.3183e-07,4.6024e-06,7.1517e-06,4.9712e-06,-6.6796e-06,-2.3471e-06,4.4383e-07,-6.7875e-06,1.0941e-05,2.8917e-07,1.7677e-07,-2.0729e-05,-1.6549e-05,1.0044e-05,-1.4406e-05,2.0369e-05,1.8021e-05,-1.387e-05,5.5062e-06,-1.3523e-05,-7.9552e-06,6.7501e-06,8.8162e-06,1.2381e-05,-6.0964e-06,-5.237e-07,-2.108e-05,-6.5179e-06,9.2798e-06,-9.6688e-06,-8.527e-06,3.3893e-06,-1.4857e-07,-4.755e-07,-6.337e-06,2.122e-05,1.589e-05,4.4936e-06,1.4299e-06,-1.2079e-05,-2.4741e-06,-9.9882e-06,5.8722e-06,1.5753e-05,-6.1652e-06,6.7363e-06,3.8039e-06,6.2176e-06,-7.8227e-06,-7.2389e-06,-8.9e-06,-1.2576e-05,2.4321e-05,1.6556e-05,-5.1533e-06,-9.5209e-06,6.3734e-06,-5.9189e-06,-6.5998e-07,-9.2286e-07,1.0188e-06,7.1083e-06,-2.5413e-06,6.8205e-06,1.0056e-05,5.7147e-06,1.4787e-05,-2.2498e-06,1.7737e-06,-4.9521e-06,6.6341e-06,-5.6093e-06,1.2611e-05,7.8374e-07,-9.7033e-06,1.1388e-05,-2.0606e-06,-1.0478e-05,7.9451e-06,-1.7873e-06,-2.0279e-05,1.8765e-05,4.0479e-06,1.4646e-05,-1.2176e-05,-1.1156e-05,1.6487e-05,7.8532e-06,-1.0037e-06,-1.9526e-05,1.4286e-05,-9.2745e-06,1.8299e-05,-7.0032e-06,-3.0501e-06,1.1037e-05,-2.1816e-05,-2.6935e-05,-3.6885e-06,2.1338e-06,-4.651e-06,9.72e-07,-3.5963e-06,9.704e-06,-3.8847e-06,1.2976e-06,3.1462e-06,1.0799e-05,3.9333e-06,1.4883e-06,5.612e-06,-5.4803e-06,-3.3013e-06,4.7527e-06,-1.242e-05,3.0574e-06
